Workbook

Sheet Monthly Revenue
A1: Law Firm — Monthly Revenue Data (2022–2025)
A2: Synthetic dataset for forecasting model comparison | Source: Generated, Mar 2025
A4: Date | B4: Year | C4: Month | D4: Month Name | E4: Revenue (EUR) | F4: No. Cases | G4: Avg Fee (EUR) | H4: YoY Growth
A5: 44562 | B5: 2022 | C5: 1 | D5: Jan | E5: 85300 | F5: 18 | G5: 4740 | H5: -
A6: 44593 | B6: 2022 | C6: 2 | D6: Feb | E6: 79200 | F6: 20 | G6: 3960 | H6: -
A7: 44621 | B7: 2022 | C7: 3 | D7: Mar | E7: 74800 | F7: 16 | G7: 4680 | H7: -
A8: 44652 | B8: 2022 | C8: 4 | D8: Apr | E8: 79100 | F8: 19 | G8: 4160 | H8: -
A9: 44682 | B9: 2022 | C9: 5 | D9: May | E9: 59500 | F9: 14 | G9: 4250 | H9: -
A10: 44713 | B10: 2022 | C10: 6 | D10: Jun | E10: 49600 | F10: 10 | G10: 4960 | H10: -
A11: 44743 | B11: 2022 | C11: 7 | D11: Jul | E11: 32400 | F11: 3 | G11: 10800 | H11: -
A12: 44774 | B12: 2022 | C12: 8 | D12: Aug | E12: 19400 | F12: 3 | G12: 6470 | H12: -
A13: 44805 | B13: 2022 | C13: 9 | D13: Sep | E13: 73800 | F13: 17 | G13: 4340 | H13: -
A14: 44835 | B14: 2022 | C14: 10 | D14: Oct | E14: 78000 | F14: 14 | G14: 5570 | H14: -
A15: 44866 | B15: 2022 | C15: 11 | D15: Nov | E15: 82300 | F15: 17 | G15: 4840 | H15: -
A16: 44896 | B16: 2022 | C16: 12 | D16: Dec | E16: 91700 | F16: 17 | G16: 5390 | H16: -
A17: 44927 | B17: 2023 | C17: 1 | D17: Jan | E17: 82800 | F17: 18 | G17: 4600 | H17: =(E17-E5)/E5 -> -0.029308324
A18: 44958 | B18: 2023 | C18: 2 | D18: Feb | E18: 69700 | F18: 16 | G18: 4360 | H18: =(E18-E6)/E6 -> -0.11994949
A19: 44986 | B19: 2023 | C19: 3 | D19: Mar | E19: 78600 | F19: 16 | G19: 4910 | H19: =(E19-E7)/E7 -> 0.050802139
A20: 45017 | B20: 2023 | C20: 4 | D20: Apr | E20: 67900 | F20: 18 | G20: 3770 | H20: =(E20-E8)/E8 -> -0.14159292
A21: 45047 | B21: 2023 | C21: 5 | D21: May | E21: 69200 | F21: 13 | G21: 5320 | H21: =(E21-E9)/E9 -> 0.16302521
A22: 45078 | B22: 2023 | C22: 6 | D22: Jun | E22: 63500 | F22: 11 | G22: 5770 | H22: =(E22-E10)/E10 -> 0.28024194
A23: 45108 | B23: 2023 | C23: 7 | D23: Jul | E23: 35500 | F23: 3 | G23: 11830 | H23: =(E23-E11)/E11 -> 0.095679012
A24: 45139 | B24: 2023 | C24: 8 | D24: Aug | E24: 22700 | F24: 5 | G24: 4540 | H24: =(E24-E12)/E12 -> 0.17010309
A25: 45170 | B25: 2023 | C25: 9 | D25: Sep | E25: 100600 | F25: 22 | G25: 4570 | H25: =(E25-E13)/E13 -> 0.36314363
A26: 45200 | B26: 2023 | C26: 10 | D26: Oct | E26: 94900 | F26: 20 | G26: 4740 | H26: =(E26-E14)/E14 -> 0.21666667
A27: 45231 | B27: 2023 | C27: 11 | D27: Nov | E27: 63300 | F27: 12 | G27: 5280 | H27: =(E27-E15)/E15 -> -0.2308627
A28: 45261 | B28: 2023 | C28: 12 | D28: Dec | E28: 94600 | F28: 23 | G28: 4110 | H28: =(E28-E16)/E16 -> 0.031624864
... A46: 45809 | B46: 2025 | C46: 6 | D46: Jun | E46: 82200 | F46: 17 | G46: 4840 | H46: =(E46-E34)/E34 -> 0.24357035

Sheet Annual Summary
A1: Annual Summary
A3: Year | B3: Total Revenue | C3: No. Cases | D3: Avg Monthly Rev | E3: Avg Fee | F3: YoY Growth
A4: 2022 | B4: =SUMIF('Monthly Revenue'!B:B,A4,'Monthly Revenue'!E:E) -> 805100 | C4: =SUMIF('Monthly Revenue'!B:B,A4,'Monthly Revenue'!F:F) -> 168 | D4: =B4/12 -> 67091.667 | E4: =AVERAGEIF('Monthly Revenue'!B:B,A4,'Monthly Revenue'!G:G) -> 5346.6667 | F4: -
A5: 2023 | B5: =SUMIF('Monthly Revenue'!B:B,A5,'Monthly Revenue'!E:E) -> 843300 | C5: =SUMIF('Monthly Revenue'!B:B,A5,'Monthly Revenue'!F:F) -> 177 | D5: =B5/12 -> 70275 | E5: =AVERAGEIF('Monthly Revenue'!B:B,A5,'Monthly Revenue'!G:G) -> 5316.6667 | F5: =(B5-B4)/B4 -> 0.047447522
A6: 2024 | B6: =SUMIF('Monthly Revenue'!B:B,A6,'Monthly Revenue'!E:E) -> 986000 | C6: =SUMIF('Monthly Revenue'!B:B,A6,'Monthly Revenue'!F:F) -> 217 | D6: =B6/12 -> 82166.667 | E6: =AVERAGEIF('Monthly Revenue'!B:B,A6,'Monthly Revenue'!G:G) -> 4904.1667 | F6: =(B6-B5)/B5 -> 0.16921617

Sheet Assumptions
A1: Model Assumptions
A3: Base monthly revenue (€) | B3: 70000
A4: Annual growth rate | B4: 10%
A5: Revenue noise (std dev) | B5: 12% of base
A6: Seasonal profile | B6: Greek law firm
A7: Aug index (courts closed) | B7: 0.35
A8: Oct index (autumn peak) | B8: 1.25
A9: Dec index (year-end peak) | B9: 1.3
A10: Dataset period | B10: Jan 2022 – Jun 2025
A11: Total months | B11: 42
A12: Intended use | B12: Forecasting model comparison
